BARCODE,ASSET DESCRIPTION,SERIAL NO,CATEGORY_1,CATEGORY_2,CATEGORY_3,CATEGORY_4,USAGE_YES/NO,REPUNIT_1,REPUNIT_2,LOCATION_1,LOCATION_2,LOCATION_3,FLOOR NUMBER,ROOM TYPE,VERIFICATION DATE,OWNERSHIP,DUPLICATE BARCODE,ASSET CONDITION,OWNER,LEASED,VIN NUMBER,DATE OF VERIFICATION,SUPPLIER NAME,GAMAP FUNDING,GFS FUNDING,QUANTITY,WIDTH,GRADING,DIAMETRE,LENGTH,FROM NODE,TO NODE,NODE LAYER,LAT,LONG,GIS_ID,,,,
A07141,WATER TANK,N/A,,,WATER TANK,STEEL 200 000L,YES,,,HERTZOGVILLE,N/A,N/A,N/A,N/A,2012/06/30,TECHNICAL SERVICES,N/A,GOOD,MR. G MATHETSA,N/A,N/A,N/A,N/A,N/A,N/A,1.00,N/A,N/A,N/A,N/A,N/A,N/A,N/A,28°07.298'S,25°30.788'E,N/A,,,,
A07142,WATER TANK,N/A,,,WATER TANK,STEEL 200 000L,YES,,,HERTZOGVILLE,N/A,N/A,N/A,N/A,2012/06/30,TECHNICAL SERVICES,N/A,GOOD,MR. G MATHETSA,N/A,N/A,N/A,N/A,N/A,N/A,1.00,N/A,N/A,N/A,N/A,N/A,N/A,N/A,28°07.298'S,25°30.788'E,N/A,,,,
,RESERVOIR,N/A,,,RESERVOIR,CONCRETE 500 000L,YES,,,HERTZOGVILLE,N/A,N/A,N/A,N/A,2012/06/30,TECHNICAL SERVICES,N/A,GOOD,MR. G MATHETSA,N/A,N/A,N/A,N/A,N/A,N/A,1.00,N/A,N/A,N/A,N/A,N/A,N/A,N/A,28°07.281'S,25°30.805'E,N/A,,,,
,RESERVOIR,N/A,,,RESERVOIR,CONCRETE 500 000L,YES,,,HERTZOGVILLE,N/A,N/A,N/A,N/A,2012/06/30,TECHNICAL SERVICES,N/A,GOOD,MR. G MATHETSA,N/A,N/A,N/A,N/A,N/A,N/A,1.00,N/A,N/A,N/A,N/A,N/A,N/A,N/A,28°07.283'S,25°30.807'E,N/A,,,,
,RESERVOIR,N/A,,,RESERVOIR,CONCRETE 500 000L,YES,,,HERTZOGVILLE,N/A,N/A,N/A,N/A,2012/06/30,TECHNICAL SERVICES,N/A,GOOD,MR. G MATHETSA,N/A,N/A,N/A,N/A,N/A,N/A,1.00,N/A,N/A,N/A,N/A,N/A,N/A,N/A,28°07.283'S,25°30.811'E,N/A,,,,
,RESERVOIR,N/A,,,RESERVOIR,CONCRETE 500 000L,YES,,,HERTZOGVILLE,N/A,N/A,N/A,N/A,2012/06/30,TECHNICAL SERVICES,N/A,GOOD,MR. G MATHETSA,N/A,N/A,N/A,N/A,N/A,N/A,1.00,N/A,N/A,N/A,N/A,N/A,N/A,N/A,28°07.279'S,25°30.808'E,N/A,,,,
A07143,WATER TANK,N/A,,,WATER TANK,STEEL 200 000L,YES,,,HERTZOGVILLE,N/A,N/A,N/A,N/A,2012/06/30,TECHNICAL SERVICES,N/A,GOOD,MR. G MATHETSA,N/A,N/A,N/A,N/A,N/A,N/A,1.00,N/A,N/A,N/A,N/A,N/A,N/A,N/A,28°07.212'S,25°29.495'E,N/A,,,,
A07144,SWITCHBOX,N/A,,,SWITCHBOX,STEEL,YES,,,HERTZOGVILLE,MALEBOGO,N/A,N/A,N/A,2012/06/30,TECHNICAL SERVICES,N/A,GOOD,MR. G MATHETSA,N/A,N/A,N/A,N/A,N/A,N/A,1.00,N/A,N/A,N/A,N/A,N/A,N/A,N/A,28°07.211'S,25°29.495'E,N/A,,,,
,RESERVOIR,N/A,,,RESERVOIR,STEEL 200 000L,YES,,,HERTZOGVILLE,MALEBOGO,N/A,N/A,N/A,2012/06/30,TECHNICAL SERVICES,N/A,GOOD,MR. G MATHETSA,N/A,N/A,N/A,N/A,N/A,N/A,1.00,N/A,N/A,N/A,N/A,N/A,N/A,N/A,28°07.211'S,25°29.495'E,N/A,,,,
,,,,,0,,,,,HERTZOGVILLE,N/A,N/A,N/A,N/A,2012/06/30,TECHNICAL SERVICES,N/A,GOOD,MR. G MATHETSA,,,,,,,,,,,,,,,,,,,,,
,,,,,0,,,,,HERTZOGVILLE,N/A,N/A,N/A,N/A,2012/06/30,TECHNICAL SERVICES,N/A,GOOD,MR. G MATHETSA,,,,,,,,,,,,,,,,,,,,,
N/A,PAVING,N/A,,,PAVING,TAR,YES,,,BOSHOF,MUNICIPAL BUILDING,YARD,N/A,N/A,2012/06/30,TOKOLOGO LOCAL MUNICIPALITY,N/A,GOOD,ADV. L MOFOKENG,N/A,N/A,2012/06/30,N/A,N/A,N/A,1.00,N/A,N/A,N/A,34X46.7M,N/A,N/A,N/A,28°32.324'S,25°14.330'E,N/A,,,,
N/A,PARKING,N/A,,,PARKING,CONCRETE,YES,,,BOSHOF,MUNICIPAL BUILDING,YARD,N/A,N/A,2012/06/30,TOKOLOGO LOCAL MUNICIPALITY,N/A,GOOD,ADV. L MOFOKENG,N/A,N/A,2012/06/30,N/A,N/A,N/A,1.00,N/A,N/A,N/A,30.7X3.8M,N/A,N/A,N/A,28°32.333'S,25°14.332'E,N/A,,,,
N/A,PAVING,N/A,,,PAVING,BRICKS,YES,,,BOSHOF,MUNICIPAL BUILDING,YARD,N/A,N/A,2012/06/30,TOKOLOGO LOCAL MUNICIPALITY,N/A,GOOD,ADV. L MOFOKENG,N/A,N/A,2012/06/30,N/A,N/A,N/A,1.00,N/A,N/A,N/A,55X10M,N/A,N/A,N/A,28°32.334'S,25°14.346'E,N/A,,,,
,TERABYTE EXTERNAL HARD DRIVE,,,,TERABYTE EXTERNAL HARD DRIVE,,,,TOKOLOGO,,,,,,,EXCELLENT,TECHNICAL,,,,PAPRENAX TRADING CC,,,1.00,,,,,,,,,,,,,,,,
,TERABYTE EXTERNAL HARD DRIVE,,,,TERABYTE EXTERNAL HARD DRIVE,,,,TOKOLOGO,,,,,,,EXCELLENT,TECHNICAL,,,,PAPRENAX TRADING CC,,,1.00,,,,,,,,,,,,,,,,
,TERABYTE EXTERNAL HARD DRIVE,,,,TERABYTE EXTERNAL HARD DRIVE,,,,TOKOLOGO,,,,,,,EXCELLENT,TECHNICAL,,,,PAPRENAX TRADING CC,,,1.00,,,,,,,,,,,,,,,,
,TERABYTE EXTERNAL HARD DRIVE,,,,TERABYTE EXTERNAL HARD DRIVE,,,,TOKOLOGO,,,,,,,EXCELLENT,TECHNICAL,,,,PAPRENAX TRADING CC,,,1.00,,,,,,,,,,,,,,,,
,TERABYTE EXTERNAL HARD DRIVE,,,,TERABYTE EXTERNAL HARD DRIVE,,,,TOKOLOGO,,,,,,,EXCELLENT,TECHNICAL,,,,PAPRENAX TRADING CC,,,1.00,,,,,,,,,,,,,,,,
,SHREDDER,,,,SHREDDER,GBC CC175,,,TOKOLOGO,,,,,,,EXCELLENT,FINANCE,,,,MAMELLO TRADING,,,1.00,,,,,,,,,,,,,,,,
,ALCOHOL TESTER & PRINTER,,,,ALCOHOL TESTER & PRINTER,,,,TOKOLOGO,,,,,,,EXCELLENT,TECHNICAL,,,,NOVAGEN AFRICA,,,1.00,,,,,,,,,,,,,,,,
,ALCOHOL TESTER & PRINTER,,,,ALCOHOL TESTER & PRINTER,,,,TOKOLOGO,,,,,,,EXCELLENT,TECHNICAL,,,,NOVAGEN AFRICA,,,1.00,,,,,,,,,,,,,,,,
,SHREDDER,,,,SHREDDER,AUTO PLUS 250X-301420,,,TOKOLOGO,,,,,,,EXCELLENT,FINANCE,,,,FIRST TECHNOLOGY,,,1.00,,,,,,,,,,,,,,,,
A04803,RESERVOIR,N/A,,,RESERVOIR,STEEL,,,,DEALESVILLE,BOREHOLE 18 (OLD),N/A,N/A,N/A,2012/06/30,TECHNICAL SERVICES,N/A,,MR. W MOREMI,N/A,N/A,2012/06/30,N/A,N/A,N/A,1.00,N/A,N/A,N/A,N/A,N/A,N/A,N/A,28°40.533'S,25°45.545'E,N/A,,,,
A04804,METER,110140969,,,METER,SENSUS P10 KPA,,,,DEALESVILLE,BOREHOLE 18 (OLD),N/A,N/A,N/A,2012/06/30,TECHNICAL SERVICES,N/A,,MR. W MOREMI,N/A,N/A,2012/06/30,N/A,N/A,N/A,1.00,N/A,N/A,N/A,N/A,N/A,N/A,N/A,28°40.533'S,25°45.545'E,N/A,,,,
A04807,METER,110140960,,,METER,SENSUS P10 KPA,,,,DEALESVILLE,BOREHOLE 18 (OLD),N/A,N/A,N/A,2012/06/30,TECHNICAL SERVICES,N/A,,MR. W MOREMI,N/A,N/A,2012/06/30,N/A,N/A,N/A,1.00,N/A,N/A,N/A,N/A,N/A,N/A,N/A,28°40.536'S,25°45.548'E,N/A,,,,
A04808,RESERVOIR,N/A,,,RESERVOIR,STEEL,,,,DEALESVILLE,BOREHOLE 18 (OLD),N/A,N/A,N/A,2012/06/30,TECHNICAL SERVICES,N/A,,MR. W MOREMI,N/A,N/A,2012/06/30,N/A,N/A,N/A,1.00,N/A,N/A,N/A,N/A,N/A,N/A,N/A,28°40.536'S,25°45.548'E,N/A,,,,
A04809,VALVE NON RETURN,,,,VALVE NON RETURN,N/A,,,,DEALESVILLE,BOREHOLE 18 (OLD),N/A,N/A,N/A,2012/06/30,TECHNICAL SERVICES,N/A,,MR. W MOREMI,N/A,N/A,2012/06/30,N/A,N/A,N/A,1.00,N/A,N/A,N/A,N/A,N/A,N/A,N/A,28°40.536'S,25°45.548'E,N/A,,,,
CANNOT TAG,VALVE STOP,N/A,,,VALVE STOP,N/A,,,,DEALESVILLE,BOREHOLE 18 (OLD),N/A,N/A,N/A,2012/06/30,TECHNICAL SERVICES,N/A,,MR. W MOREMI,N/A,N/A,2012/06/30,N/A,N/A,N/A,1.00,N/A,N/A,N/A,N/A,N/A,N/A,N/A,28°40.536'S,25°45.550'E,N/A,,,,
A04810,GRUNDFOS,1718,,,GRUNDFOS,15KW Y96123532 P11040,,,,DEALESVILLE,BOREHOLE 18 (OLD),N/A,N/A,N/A,2012/06/30,TECHNICAL SERVICES,N/A,,MR. W MOREMI,N/A,N/A,2012/06/30,N/A,N/A,N/A,1.00,N/A,N/A,N/A,N/A,N/A,N/A,N/A,28°40.539'S,25°45.548'E,N/A,,,,
A04811,TELEMETRY,N/A,,,TELEMETRY,ACDC DYNAMICS,,,,DEALESVILLE,BOREHOLE 18 (OLD),N/A,N/A,N/A,2012/06/30,TECHNICAL SERVICES,N/A,,MR. W MOREMI,N/A,N/A,2012/06/30,N/A,N/A,N/A,1.00,N/A,N/A,N/A,N/A,N/A,N/A,N/A,28°40.539'S,25°45.548'E,N/A,,,,
A04814,TELEMETRIC,N/A,,,TELEMETRIC,18.5KW TELEMECANIQUE LE3-DL,,,,DEALESVILLE,BOREHOLE 18 (OLD),N/A,N/A,N/A,2012/06/30,TECHNICAL SERVICES,N/A,,MR. W MOREMI,N/A,N/A,2012/06/30,N/A,N/A,N/A,1.00,N/A,N/A,N/A,N/A,N/A,N/A,N/A,28°40.539'S,25°45.548'E,N/A,,,,
A04815,TELEMETRIC,N/A,,,TELEMETRIC,18.5KW TELEMECANIQUE LE3-DL,,,,DEALESVILLE,BOREHOLE 18 (OLD),N/A,N/A,N/A,2012/06/30,TECHNICAL SERVICES,N/A,,MR. W MOREMI,N/A,N/A,2012/06/30,N/A,N/A,N/A,1.00,N/A,N/A,N/A,N/A,N/A,N/A,N/A,28°40.539'S,25°45.548'E,N/A,,,,
,VALVE CHAMBER,N/A,,,VALVE CHAMBER,3M DEEP,,,,DEALESVILLE,BOREHOLE 18 (OLD),N/A,N/A,N/A,2012/06/30,TECHNICAL SERVICES,N/A,,MR. W MOREMI,N/A,N/A,2012/06/30,N/A,N/A,N/A,1.00,N/A,N/A,N/A,2X3.5M,N/A,N/A,N/A,28°40.548'S,25°45.545'E,N/A,,,,
,FENCE,N/A,,,FENCE,N/A,,,,DEALESVILLE,BOREHOLE 18 (OLD),N/A,N/A,N/A,2012/06/30,TECHNICAL SERVICES,N/A,FAIR,MR. W MOREMI,N/A,N/A,2012/06/30,N/A,N/A,N/A,1.00,N/A,N/A,N/A,29X32M,N/A,N/A,N/A,28°40.548'S,25°45.545'E,N/A,,,,
,PUMP 13 (OLD),,,,PUMP 13 (OLD),,,,,DEALESVILLE,BOREHOLE 14 (NEW),N/A,N/A,N/A,2012/06/30,TECHNICAL SERVICES,N/A,,MR. W MOREMI,N/A,N/A,2012/06/30,N/A,N/A,N/A,1.00,N/A,N/A,N/A,N/A,N/A,N/A,N/A,28°39.965'S,25°45.500'E,N/A,,,,
,CLINIC,,,,CLINIC,,,,,DEALESVILLE,KLIPKOPPAN,CLINIC,N/A,N/A,2012/06/30,TECHNICAL SERVICES,N/A,,MR. W MOREMI,N/A,N/A,2012/06/30,N/A,N/A,N/A,1.00,N/A,N/A,N/A,N/A,N/A,N/A,N/A,28°39.886'S,25°45.962'E,N/A,,,,
A04854,LIGHTNING PROTECTOR,N/A,,,LIGHTNING PROTECTOR,11KW 400V CBP CONTROL BOCS PLUS,,,,DEALESVILLE,BOREHOLE 12 (NEW),N/A,N/A,N/A,2012/06/30,TECHNICAL SERVICES,N/A,,MR. W MOREMI,N/A,N/A,2012/06/30,N/A,N/A,N/A,1.00,N/A,N/A,N/A,N/A,N/A,N/A,N/A,28°39.486'S,25°48.188'E,N/A,,,,
,BRICK ENCLOSURE (BROKEN),,,,BRICK ENCLOSURE (BROKEN),,,,,DEALESVILLE,BOREHOLE 4 (OLD),N/A,N/A,N/A,2012/06/30,TECHNICAL SERVICES,N/A,,MR. W MOREMI,N/A,N/A,2012/06/30,N/A,N/A,N/A,1.00,N/A,N/A,N/A,N/A,N/A,N/A,N/A,28°39.973'S,25°47.389'E,N/A,,,,
A04891,PUMP FAROS,N/A,,,PUMP FAROS,15KW MN30250C,,,,DEALESVILLE,KLIPKOPPAN,N/A,N/A,N/A,2012/06/30,TECHNICAL SERVICES,N/A,,MR. W MOREMI,N/A,N/A,2012/06/30,N/A,N/A,N/A,1.00,N/A,N/A,N/A,N/A,N/A,N/A,N/A,,,N/A,,,,
A04893,ONESTO CONTROL BOX,N/A,,,ONESTO CONTROL BOX,,,,,DEALESVILLE,KLIPKOPPAN,N/A,N/A,N/A,2012/06/30,TECHNICAL SERVICES,N/A,,MR. W MOREMI,N/A,N/A,2012/06/30,N/A,N/A,N/A,1.00,N/A,N/A,N/A,N/A,N/A,N/A,N/A,,,N/A,,,,
A04892,VALVE,N/A,,,VALVE,1100KPA,,,,DEALESVILLE,KLIPKOPPAN,N/A,N/A,N/A,2012/06/30,TECHNICAL SERVICES,N/A,,MR. W MOREMI,N/A,N/A,2012/06/30,N/A,N/A,N/A,1.00,N/A,N/A,N/A,N/A,N/A,N/A,N/A,,,N/A,,,,
A04895,FAROS PUMP,N/A,,,FAROS PUMP,15KW MN50/200B,,,,DEALESVILLE,KLIPKOPPAN,N/A,N/A,N/A,2012/06/30,TECHNICAL SERVICES,N/A,,MR. W MOREMI,N/A,N/A,2012/06/30,N/A,N/A,N/A,1.00,N/A,N/A,N/A,N/A,N/A,N/A,N/A,,,N/A,,,,
A04896,ONESTO VALVE,N/A,,,ONESTO VALVE,N/A,,,,DEALESVILLE,KLIPKOPPAN,N/A,N/A,N/A,2012/06/30,TECHNICAL SERVICES,N/A,,MR. W MOREMI,N/A,N/A,2012/06/30,N/A,N/A,N/A,1.00,N/A,N/A,N/A,N/A,N/A,N/A,N/A,,,N/A,,,,
A04894,VALVE,N/A,,,VALVE,N/A,,,,DEALESVILLE,KLIPKOPPAN,N/A,N/A,N/A,2012/06/30,TECHNICAL SERVICES,N/A,,MR. W MOREMI,N/A,N/A,2012/06/30,N/A,N/A,N/A,1.00,N/A,N/A,N/A,N/A,N/A,N/A,N/A,,,N/A,,,,
A04897,TRANSFORMER,975009,,,TRANSFORMER,10KVA,,,,DEALESVILLE,KLIPKOPPAN,N/A,N/A,N/A,2012/06/30,TECHNICAL SERVICES,N/A,,MR. W MOREMI,N/A,N/A,2012/06/30,N/A,N/A,N/A,1.00,N/A,N/A,N/A,N/A,N/A,N/A,N/A,,,N/A,,,,
A04849,SWITCHBOX,N/A,,,SWITCHBOX,N/A,,,,DEALESVILLE,KLIPKOPPAN,N/A,N/A,N/A,2012/06/30,TECHNICAL SERVICES,N/A,,MR. W MOREMI,N/A,N/A,2012/06/30,N/A,N/A,N/A,1.00,N/A,N/A,N/A,N/A,N/A,N/A,N/A,28°39.995'S,25°47.365'E,N/A,,,,
A04898,SWITCHBOX,N/A,,,SWITCHBOX,N/A,,,,DEALESVILLE,KLIPKOPPAN,N/A,N/A,N/A,2012/06/30,TECHNICAL SERVICES,N/A,,MR. W MOREMI,N/A,N/A,2012/06/30,N/A,N/A,N/A,1.00,N/A,N/A,N/A,N/A,N/A,N/A,N/A,,,N/A,,,,
A05104,MAIN SWITCH,N/A,,,MAIN SWITCH,N/A,,,,DEALESVILLE,KLIPKOPPAN,N/A,N/A,N/A,2012/06/30,TECHNICAL SERVICES,N/A,,MR. W MOREMI,N/A,N/A,2012/06/30,N/A,N/A,N/A,1.00,N/A,N/A,N/A,N/A,N/A,N/A,N/A,,,N/A,,,,
A05106,FOROS PUMP,MN321250A,,,FOROS PUMP,15KW ,,,,DEALESVILLE,KLIPKOPPAN,N/A,N/A,N/A,2012/06/30,TECHNICAL SERVICES,N/A,,MR. W MOREMI,N/A,N/A,2012/06/30,N/A,N/A,N/A,1.00,N/A,N/A,N/A,N/A,N/A,N/A,N/A,,,N/A,,,,
A05107,VALVE,N/A,,,VALVE,N/A,,,,DEALESVILLE,KLIPKOPPAN,N/A,N/A,N/A,2012/06/30,TECHNICAL SERVICES,N/A,,MR. W MOREMI,N/A,N/A,2012/06/30,N/A,N/A,N/A,1.00,N/A,N/A,N/A,N/A,N/A,N/A,N/A,,,N/A,,,,
,BOREHOLE 1 (OLD),,,,BOREHOLE 1 (OLD),,,,,DEALESVILLE,KLIPKOPPAN,BOREHOLE 1 (OLD),N/A,N/A,2012/06/30,TECHNICAL SERVICES,N/A,,MR. W MOREMI,N/A,N/A,2012/06/30,N/A,N/A,N/A,1.00,N/A,N/A,N/A,N/A,N/A,N/A,N/A,28°39.998'S,25°47.366'E,N/A,,,,
,DAM,N/A,,,DAM,BRICK,,,,DEALESVILLE,TSWARAGANANG,N/A,N/A,N/A,2012/06/30,TECHNICAL SERVICES,N/A,,MR. W MOREMI,N/A,N/A,2012/06/30,N/A,N/A,N/A,1.00,N/A,N/A,N/A,N/A,N/A,N/A,N/A,28°39.260'S,25°46.328'E,N/A,,,,
,BOREHOLE,,,,BOREHOLE,NO PUMP,,,,DEALESVILLE,TSWARAGANANG,N/A,N/A,N/A,2012/06/30,TECHNICAL SERVICES,N/A,,MR. W MOREMI,N/A,N/A,2012/06/30,N/A,N/A,N/A,1.00,N/A,N/A,N/A,N/A,N/A,N/A,N/A,28°39.904'S,25°45.774'E,N/A,,,,
A05168,PUMP SUBMERSIBLE,N/A,,,PUMP SUBMERSIBLE,N/A,,,,HERTOZVILLE,BOREHOLE 24,N/A,N/A,N/A,2012/06/30,TECHNICAL SERVICES,N/A,,MR. W MOREMI,N/A,N/A,2012/06/30,IRRIGATION EQUIPMENT SUPPLIES,N/A,N/A,1.00,N/A,N/A,N/A,N/A,N/A,N/A,N/A,28°07.529'S,25°29.800'E,N/A,,,,
A05166,METER ENCLOSURE,N/A,,,METER ENCLOSURE,N/A,,,,HERTOZVILLE,BOREHOLE 25 (OLD),N/A,N/A,N/A,2012/06/30,TECHNICAL SERVICES,N/A,,MR. W MOREMI,N/A,N/A,2012/06/30,IRRIGATION EQUIPMENT SUPPLIES,N/A,N/A,1.00,N/A,N/A,N/A,N/A,N/A,N/A,N/A,28°07.034'S,25°29.091'E,N/A,,,,
CANNOT TAG,PUMP SUBMERSIBLE,N/A,,,PUMP SUBMERSIBLE,N/A,,,,HERTOZVILLE,BOREHOLE 23 (OLD),N/A,N/A,N/A,2012/06/30,TECHNICAL SERVICES,N/A,,MR. W MOREMI,N/A,N/A,2012/06/30,IRRIGATION EQUIPMENT SUPPLIES,N/A,N/A,1.00,N/A,N/A,N/A,N/A,N/A,N/A,N/A,28°06.265'S,25°28.807'E,N/A,,,,
CANNOT TAG,PUMP SUBMERSIBLE,N/A,,,PUMP SUBMERSIBLE,CONCRETE,,,,HERTOZVILLE,BOREHOLE 18 (OLD) ,N/A,N/A,N/A,2012/06/30,TECHNICAL SERVICES,N/A,,MR. W MOREMI,N/A,N/A,2012/06/30,IRRIGATION EQUIPMENT SUPPLIES,N/A,N/A,1.00,N/A,N/A,N/A,N/A,N/A,N/A,N/A,28°06.315'S,25°28.790'E,N/A,,,,
CANNOT TAG,PUMP SUBMERSIBLE,N/A,,,PUMP SUBMERSIBLE,CONCRETE,,,,HERTOZVILLE,BOREHOLE 19 (OLD),N/A,N/A,N/A,2012/06/30,TECHNICAL SERVICES,N/A,,MR. W MOREMI,N/A,N/A,2012/06/30,IRRIGATION EQUIPMENT SUPPLIES,N/A,N/A,1.00,N/A,N/A,N/A,N/A,N/A,N/A,N/A,28°06.334'S,25°28.739'E,N/A,,,,
,PUMP SUBMERSIBLE,N/A,,,PUMP SUBMERSIBLE,CONCRETE,,,,HERTOZVILLE,BOREHOLE 21 (OLD),N/A,N/A,N/A,2012/06/30,TECHNICAL SERVICES,N/A,,MR. W MOREMI,N/A,N/A,2012/06/30,IRRIGATION EQUIPMENT SUPPLIES,N/A,N/A,1.00,N/A,N/A,N/A,N/A,N/A,N/A,N/A,28°06.334'S,25°28.723'E,N/A,,,,
A05963,BOREHOLE 27,N/A,,,BOREHOLE 27,N/A,YES,,,BOSHOF,SERETSE CEMETRY,N/A,N/A,N/A,2021/06/30,TECHNICAL SERVICES,N/A,GOOD,MR. W MOREMI,N/A,N/A,2012/06/30,IRRIGATION EQUIPMENT SUPPLIES,N/A,N/A,1.00,N/A,N/A,N/A,N/A,N/A,N/A,N/A,28°33.616'S,25°16.247'E,N/A,,,,
A05964,ENCLOSER,N/A,,,ENCLOSER,ZINC,YES,,,BOSHOF,SERETSE CEMETRY,N/A,N/A,N/A,2021/06/30,TECHNICAL SERVICES,N/A,GOOD,MR. W MOREMI,N/A,N/A,2012/06/30,IRRIGATION EQUIPMENT SUPPLIES,N/A,N/A,1.00,N/A,N/A,N/A,N/A,N/A,N/A,N/A,28°33.616'S,25°16.247'E,N/A,,,,
A05962,METER VALVE,N/A,,,METER VALVE,ELSTER 600313,YES,,,BOSHOF,SERETSE CEMETRY,N/A,N/A,N/A,2021/06/30,TECHNICAL SERVICES,N/A,GOOD,MR. W MOREMI,N/A,N/A,2012/06/30,IRRIGATION EQUIPMENT SUPPLIES,N/A,N/A,1.00,N/A,N/A,N/A,N/A,N/A,N/A,N/A,28°33.616'S,25°16.247'E,N/A,,,,
A05961,METER BOX,N/A,,,METER BOX,STEEL,YES,,,BOSHOF,SERETSE CEMETRY,N/A,N/A,N/A,2021/06/30,TECHNICAL SERVICES,N/A,GOOD,MR. W MOREMI,N/A,N/A,2012/06/30,IRRIGATION EQUIPMENT SUPPLIES,N/A,N/A,1.00,N/A,N/A,N/A,N/A,N/A,N/A,N/A,28°33.616'S,25°16.247'E,N/A,,,,
A05785,PUMPROOM,N/A,,,PUMPROOM,BRICKS,YES,,,BOSHOF,BOREHOLE 24,N/A,N/A,N/A,2021/06/30,TECHNICAL SERVICES,N/A,GOOD,MR. W MOREMI,N/A,N/A,2012/06/30,IRRIGATION EQUIPMENT SUPPLIES,N/A,N/A,1.00,N/A,N/A,N/A,N/A,N/A,N/A,N/A,28°31.979'S,25°14.579'E,N/A,,,,
A05781,METER VALVE,N/A,,,METER VALVE,XMLB01A2511,YES,,,BOSHOF,BOREHOLE 24,N/A,N/A,N/A,2021/06/30,TECHNICAL SERVICES,N/A,GOOD,MR. W MOREMI,N/A,N/A,2012/06/30,IRRIGATION EQUIPMENT SUPPLIES,N/A,N/A,1.00,N/A,N/A,N/A,N/A,N/A,N/A,N/A,28°31.979'S,25°14.579'E,N/A,,,,
A05783,METER BOX,N/A,,,METER BOX,STEEL,YES,,,BOSHOF,BOREHOLE 24,N/A,N/A,N/A,2021/06/30,TECHNICAL SERVICES,N/A,GOOD,MR. W MOREMI,N/A,N/A,2012/06/30,IRRIGATION EQUIPMENT SUPPLIES,N/A,N/A,1.00,N/A,N/A,N/A,N/A,N/A,N/A,N/A,28°31.979'S,25°14.579'E,N/A,,,,
A05784,MOTOR,N/A,,,MOTOR,15AMPS,YES,,,BOSHOF,BOREHOLE 24,N/A,N/A,N/A,2021/06/30,TECHNICAL SERVICES,N/A,GOOD,MR. W MOREMI,N/A,N/A,2012/06/30,IRRIGATION EQUIPMENT SUPPLIES,N/A,N/A,1.00,N/A,N/A,N/A,N/A,N/A,N/A,N/A,28°31.979'S,25°14.579'E,N/A,,,,
A05952,BOREHOLE 25 (NEW),,,,BOREHOLE 25 (NEW),N/A,YES,,,BOSHOF,SERETSE,BOREHOLE 25,N/A,N/A,2021/06/30,TECHNICAL SERVICES,N/A,GOOD,MR. W MOREMI,N/A,N/A,2012/06/30,IRRIGATION EQUIPMENT SUPPLIES,N/A,N/A,1.00,N/A,N/A,N/A,N/A,N/A,N/A,N/A,28°33.406'S,25°15.139'E,N/A,,,,
A05960,BOREHOLE 26,N/A,,,BOREHOLE 26,N/A,YES,,,BOSHOF,SERETSE ,BOREHOLE 26,N/A,N/A,2021/06/30,TECHNICAL SERVICES,N/A,GOOD,MR. W MOREMI,N/A,N/A,2012/06/30,IRRIGATION EQUIPMENT SUPPLIES,N/A,N/A,1.00,N/A,N/A,N/A,N/A,N/A,N/A,N/A,28°33.219'S,25°15.337'E,N/A,,,,
A05957,PUMPROOM,N/A,,,PUMPROOM,BRICKS,YES,,,BOSHOF,SERETSE ,BOREHOLE 26,N/A,N/A,2021/06/30,TECHNICAL SERVICES,N/A,GOOD,MR. W MOREMI,N/A,N/A,2012/06/30,IRRIGATION EQUIPMENT SUPPLIES,N/A,N/A,1.00,N/A,N/A,N/A,N/A,N/A,N/A,N/A,28°33.219'S,25°15.337'E,N/A,,,,
A05959,METER VALVE,N/A,,,METER VALVE,11265,YES,,,BOSHOF,SERETSE ,BOREHOLE 26,N/A,N/A,2021/06/30,TECHNICAL SERVICES,N/A,GOOD,MR. W MOREMI,N/A,N/A,2012/06/30,IRRIGATION EQUIPMENT SUPPLIES,N/A,N/A,1.00,N/A,N/A,N/A,N/A,N/A,N/A,N/A,28°33.219'S,25°15.337'E,N/A,,,,
A05958,METER BOX,N/A,,,METER BOX,STEE,YES,,,BOSHOF,SERETSE ,BOREHOLE 26,N/A,N/A,2021/06/30,TECHNICAL SERVICES,N/A,GOOD,MR. W MOREMI,N/A,N/A,2012/06/30,IRRIGATION EQUIPMENT SUPPLIES,N/A,N/A,1.00,N/A,N/A,N/A,N/A,N/A,N/A,N/A,28°33.219'S,25°15.337'E,N/A,,,,
,KAREEHOF WATER,,,,KAREEHOF WATER,,YES,,,,,,,,,,,,,,,,,,,,,,,,,,,,,N/A,,,,
A05948,PUMPROOM,N/A,,,PUMPROOM,BRICKS,YES,,,BOSHOF,KAREEHOF WATER,N/A,N/A,N/A,2012/06/30,TECHNICAL SERVICES,N/A,GOOD,MR. W MOREMI,N/A,N/A,2012/06/30,N/A,N/A,N/A,1.00,N/A,N/A,N/A,N/A,N/A,N/A,N/A,28°32.782'S,25°14.781'E,N/A,,,,
A05939,MOTOR,N/A,,,MOTOR,SIEMENS 15KW,YES,,,BOSHOF,KAREEHOF WATER,N/A,N/A,N/A,2012/06/30,TECHNICAL SERVICES,N/A,GOOD,MR. W MOREMI,N/A,N/A,2012/06/30,N/A,N/A,N/A,1.00,N/A,N/A,N/A,N/A,N/A,N/A,N/A,28°32.782'S,25°14.781'E,N/A,,,,
A05940,MOTOR,N/A,,,MOTOR,WAG 11KW,YES,,,BOSHOF,KAREEHOF WATER,N/A,N/A,N/A,2012/06/30,TECHNICAL SERVICES,N/A,GOOD,MR. W MOREMI,N/A,N/A,2012/06/30,N/A,N/A,N/A,1.00,N/A,N/A,N/A,N/A,N/A,N/A,N/A,28°32.782'S,25°14.781'E,N/A,,,,
A05941,MOTOR,N/A,,,MOTOR,SIEMENS 15KW,YES,,,BOSHOF,KAREEHOF WATER,N/A,N/A,N/A,2012/06/30,TECHNICAL SERVICES,N/A,GOOD,MR. W MOREMI,N/A,N/A,2012/06/30,N/A,N/A,N/A,1.00,N/A,N/A,N/A,N/A,N/A,N/A,N/A,28°32.782'S,25°14.781'E,N/A,,,,
A05944,MOTOR,N/A,,,MOTOR,WAG 5.5KW,YES,,,BOSHOF,KAREEHOF WATER,N/A,N/A,N/A,2012/06/30,TECHNICAL SERVICES,N/A,GOOD,MR. W MOREMI,N/A,N/A,2012/06/30,N/A,N/A,N/A,1.00,N/A,N/A,N/A,N/A,N/A,N/A,N/A,28°32.782'S,25°14.781'E,N/A,,,,
A05942,PUMP CONTROLLER,N/A,,,PUMP CONTROLLER,TELEMECANIQUE,YES,,,BOSHOF,KAREEHOF WATER,N/A,N/A,N/A,2012/06/30,TECHNICAL SERVICES,N/A,GOOD,MR. W MOREMI,N/A,N/A,2012/06/30,N/A,N/A,N/A,1.00,N/A,N/A,N/A,N/A,N/A,N/A,N/A,28°32.782'S,25°14.781'E,N/A,,,,
A05943,PUMP CONTROLLER,N/A,,,PUMP CONTROLLER,TELEMECANIQUE,YES,,,BOSHOF,KAREEHOF WATER,N/A,N/A,N/A,2012/06/30,TECHNICAL SERVICES,N/A,GOOD,MR. W MOREMI,N/A,N/A,2012/06/30,N/A,N/A,N/A,1.00,N/A,N/A,N/A,N/A,N/A,N/A,N/A,28°32.782'S,25°14.781'E,N/A,,,,
A05947,METER VALVE,N/A,,,METER VALVE,SENSUS 080004255,YES,,,BOSHOF,KAREEHOF WATER,N/A,N/A,N/A,2012/06/30,TECHNICAL SERVICES,N/A,GOOD,MR. W MOREMI,N/A,N/A,2012/06/30,N/A,N/A,N/A,1.00,N/A,N/A,N/A,N/A,N/A,N/A,N/A,28°32.782'S,25°14.781'E,N/A,,,,
A05946,METER VALVE,N/A,,,METER VALVE,SENSUS 080004259,YES,,,BOSHOF,KAREEHOF WATER,N/A,N/A,N/A,2012/06/30,TECHNICAL SERVICES,N/A,GOOD,MR. W MOREMI,N/A,N/A,2012/06/30,N/A,N/A,N/A,1.00,N/A,N/A,N/A,N/A,N/A,N/A,N/A,28°32.782'S,25°14.781'E,N/A,,,,
A05945,PUMP SWITCH,N/A,,,PUMP SWITCH,N/A,YES,,,BOSHOF,KAREEHOF WATER,N/A,N/A,N/A,2012/06/30,TECHNICAL SERVICES,N/A,GOOD,MR. W MOREMI,N/A,N/A,2012/06/30,N/A,N/A,N/A,1.00,N/A,N/A,N/A,N/A,N/A,N/A,N/A,28°32.782'S,25°14.781'E,N/A,,,,
A05949,WATER PUMP,N/A,,,WATER PUMP,20720,YES,,,BOSHOF,KAREEHOF WATER,N/A,N/A,N/A,2012/06/30,TECHNICAL SERVICES,N/A,GOOD,MR. W MOREMI,N/A,N/A,2012/06/30,N/A,N/A,N/A,1.00,N/A,N/A,N/A,N/A,N/A,N/A,N/A,28°32.782'S,25°14.781'E,N/A,,,,
A05950,WATER PUMP,N/A,,,WATER PUMP,20727,YES,,,BOSHOF,KAREEHOF WATER,N/A,N/A,N/A,2012/06/30,TECHNICAL SERVICES,N/A,GOOD,MR. W MOREMI,N/A,N/A,2012/06/30,N/A,N/A,N/A,1.00,N/A,N/A,N/A,N/A,N/A,N/A,N/A,28°32.782'S,25°14.781'E,N/A,,,,
A05936,WATER TANK,N/A,,,WATER TANK,STEEL 200 000L,YES,,,BOSHOF,KAREEHOF WATER,N/A,N/A,N/A,2012/06/30,TECHNICAL SERVICES,N/A,GOOD,MR. W MOREMI,N/A,N/A,2012/06/30,N/A,N/A,N/A,1.00,N/A,N/A,N/A,N/A,N/A,N/A,N/A,28°32.606'S,25°14.928'E,N/A,,,,
A05934,WATER TANK,N/A,,,WATER TANK,STEEL 150 000L,YES,,,BOSHOF,KAREEHOF WATER,N/A,N/A,N/A,2012/06/30,TECHNICAL SERVICES,N/A,GOOD,MR. W MOREMI,N/A,N/A,2012/06/30,N/A,N/A,N/A,1.00,N/A,N/A,N/A,N/A,N/A,N/A,N/A,28°32.606'S,25°14.928'E,N/A,,,,
A05935,METER VALVE,N/A,,,METER VALVE,ASM 9430632/03,YES,,,BOSHOF,KAREEHOF WATER,N/A,N/A,N/A,2012/06/30,TECHNICAL SERVICES,N/A,GOOD,MR. W MOREMI,N/A,N/A,2012/06/30,N/A,N/A,N/A,1.00,N/A,N/A,N/A,N/A,N/A,N/A,N/A,28°32.777'S,25°14.782'E,N/A,,,,
A05933,METER VALVE,N/A,,,METER VALVE,ASM 9430632/03,YES,,,BOSHOF,KAREEHOF WATER,N/A,N/A,N/A,2012/06/30,TECHNICAL SERVICES,N/A,GOOD,MR. W MOREMI,N/A,N/A,2012/06/30,N/A,N/A,N/A,1.00,N/A,N/A,N/A,N/A,N/A,N/A,N/A,28°32.777'S,25°14.782'E,N/A,,,,
A05932,METER VALVE,N/A,,,METER VALVE,ASM 3012702/97,YES,,,BOSHOF,KAREEHOF WATER,N/A,N/A,N/A,2012/06/30,TECHNICAL SERVICES,N/A,GOOD,MR. W MOREMI,N/A,N/A,2012/06/30,N/A,N/A,N/A,1.00,N/A,N/A,N/A,N/A,N/A,N/A,N/A,28°32.777'S,25°14.782'E,N/A,,,,
,RESERVOIR,N/A,,,RESERVOIR,CONCRETE,YES,,,BOSHOF,KAREEHOF WATER,N/A,N/A,N/A,2012/06/30,TECHNICAL SERVICES,N/A,GOOD,MR. W MOREMI,N/A,N/A,2012/06/30,N/A,N/A,N/A,1.00,N/A,N/A,N/A,N/A,N/A,N/A,N/A,28°32.782'S,25°14.773'E,N/A,,,,
,REWIL SEWER STATION,,,,REWIL SEWER STATION,,,,,,,,,,,,,,,,,,,,,,,,,,,,,,,,,,,
,PUMPROOM,,,,PUMPROOM,BRICKS,YES,,,BOSHOF,REWIL SEWER STATION,N/A,N/A,N/A,2012/06/30,TECHNICAL SERVICES,N/A,FAIR,MR. W MOREMI,N/A,N/A,2012/06/30,N/A,N/A,N/A,1.00,N/A,N/A,N/A,N/A,N/A,N/A,N/A,28°32.003'S,25°14.644'E,N/A,,,,
,SONDERWATER SEWER,,,,SONDERWATER SEWER,,,,,,,,,,,,,,,,,,,,,,,,,,,,,,,,,,,
A04587,PUMP WATER,N/A,,,PUMP WATER,CEMO PUMPS,YES,,,BOSCHOF,GAME CAMP,,,,,,,GOOD,,,,,,,,,,,,,,,,28°32.770'S,25°14.155'E,,,,,
A04588,MOTOR,10681,,,MOTOR,FENNER,YES,,,BOSCHOF,GAME CAMP,,,,,,,GOOD,,,,,,,,,,,,,,,,28°32.770'S,25°14.155'E,,,,,
A04589,WATER PUMP ENCLOSER,N/A,,,WATER PUMP ENCLOSER,ZINC,YES,,,BOSCHOF,GAME CAMP,,,,,,,GOOD,,,,,,,,,,,,,,,,28°32.770'S,25°14.155'E,,,,,
A04590,BOREHOLE & WINDMILL,N/A,,,BOREHOLE & WINDMILL,STEEL,YES,,,BOSCHOF,GAME CAMP,,,,,,,GOOD,,,,,,,,,,,,,,,,28°32.925'S,25°14.196'E,,,,,
A04591,WATER PUMP ENCLOSER,N/A,,,WATER PUMP ENCLOSER,ZINC,YES,,,BOSCHOF,GAME CAMP,,,,,,,GOOD,,,,,,,,,,,,,,,,28°33.571'S,25°14.182'E,,,,,
,WATER DAM,N/A,,,WATER DAM,,YES,,,BOSCHOF,GAME CAMP,,,,,,,POOR,,,,,,,,,,,,,,,,28°32.926'S,25°14.204'E,,,,,
A04571,WATER TANK,N/A,,,WATER TANK,ASBESTOS 1000L,,,,BOSCHOF,GAME CAMP,,,,,,,GOOD,,,,,,,,,,,,,,,,28°33.853'S,25°11.945'E,,,,,
A04572,LIGHT ARM SINGLE,N/A,,,LIGHT ARM SINGLE,WOODEN,,,,BOSCHOF,GAME CAMP,,,,,,,GOOD,,,,,,,,,,,,,,,,28°33.857'S,25°11.932'E,,,,,
A04573,BOREHOLE & WINDMILL,N/A,,,BOREHOLE & WINDMILL,N/A,YES,,,BOSCHOF,GAME CAMP,,,,,,,FAIR,,,,,,,,,,,,,,,,28°33.848'S,25°11.955'E,,,,,
A04574,JO-JO TANK,N/A,,,JO-JO TANK,2500L,YES,,,BOSCHOF,GAME CAMP,,,,,,,GOOD,,,,,,,,,,,,,,,,28°33.847'S,25°11.956'E,,,,,
A04575,WATER TROUGH,N/A,,,WATER TROUGH,STEEL,YES,,,BOSCHOF,GAME CAMP,,,,,,,GOOD,,,,,,,,,,,,,,,,28°33.847'S,25°11.964'E,,,,,
A04576,MEAT PROCESSING FACILITIES,N/A,,,MEAT PROCESSING FACILITIES,STEEL,YES,,,BOSCHOF,GAME CAMP,,,,,,,GOOD,,,,,,,,,,,,,,,,28°33.845'S,25°11.965'E,,,,,
A04577,LIGHT ARM SINGLE,N/A,,,LIGHT ARM SINGLE,WOODEN,,,,BOSCHOF,GAME CAMP,,,,,,,GOOD,,,,,,,,,,,,,,,,28°33.844'S,25°11.961'E,,,,,
A04582,WATER TROUGH,N/A,,,WATER TROUGH,STEEL,NO,,,BOSCHOF,GAME CAMP,,,,,,,FAIR,,,,,,,,,,,,,,,,28°33.536'S,25°13.544'E,,,,,
,WATER DAM,N/A,,,WATER DAM,CEMENT 25000L,NO,,,BOSCHOF,GAME CAMP,,,,,,,BROKEN,,,,,,,,,,,,,,,,28°33.856'S,25°11.944'E,,,,,
,WATER TROUGH,N/A,,,WATER TROUGH,CEMENT,NO,,,BOSCHOF,GAME CAMP,,,,,,,BROKEN,,,,,,,,,,,,,,,,28°33.863'S,25°11.954'E,,,,,
A04578,BOREHOLE & WINDMILL,N/A,,,BOREHOLE & WINDMILL,STEEL,YES,,,BOSCHOF,GAME CAMP,,,,,,,GOOD,,,,,,,,,,,,,,,,28°34.857'S,25°12.359'E,,,,,
A04579,WATER TROUGH,N/A,,,WATER TROUGH,STEEL,YES,,,BOSCHOF,GAME CAMP,,,,,,,GOOD,,,,,,,,,,,,,,,,28°34.869'S,25°12.366'E,,,,,
A04580,WATER TROUGH,N/A,,,WATER TROUGH,STEEL,NO,,,BOSCHOF,GAME CAMP,,,,,,,POOR,,,,,,,,,,,,,,,,28°34.078'S,25°14.141'E,,,,,
A04581,BOREHOLE & WINDMILL,N/A,,,BOREHOLE & WINDMILL,STEEL,YES,,,BOSCHOF,GAME CAMP,,,,,,,GOOD,,,,,,,,,,,,,,,,28°34.067'S,25°14.184'E,,,,,
,WATER DAM,N/A,,,WATER DAM,25000L,YES,,,BOSCHOF,GAME CAMP,,,,,,,GOOD,,,,,,,,,,,,,,,,28°34.857'S,25°12.858'E,,,,,
,WATER TROUGH,N/A,,,WATER TROUGH,CEMENT,NO,,,BOSCHOF,GAME CAMP,,,,,,,BROKEN,,,,,,,,,,,,,,,,28°34.871'S,25°12.367'E,,,,,
,WATER TROUGH,N/A,,,WATER TROUGH,CEMENT,YES,,,BOSCHOF,GAME CAMP,,,,,,,FAIR,,,,,,,,,,,,,,,,28°34.074'S,25°14.167'E,,,,,
,WATER DAM,N/A,,,WATER DAM,CEMENT 25000L,YES,,,BOSCHOF,GAME CAMP,,,,,,,GOOD,,,,,,,,,,,,,,,,28°34.069'S,25°14.183'E,,,,,
,WATER DAM,N/A,,,WATER DAM,ZINC 25000L,YES,,,BOSCHOF,GAME CAMP,,,,,,,GOOD,,,,,,,,,,,,,,,,28°34.283'S,25°13.943'E,,,,,
,WATER DAM,N/A,,,WATER DAM,ZINC 25000L,NO,,,BOSCHOF,GAME CAMP,,,,,,,FAIR,,,,,,,,,,,,,,,,28°33.552'S,25°13.265'E,,,,,
A04583,BOREHOLE & WINDMILL,N/A,,,BOREHOLE & WINDMILL,N/A,YES,,,BOSCHOF,GAME CAMP,,,,,,,GOOD,,,,,,,,,,,,,,,,28°33.453'S,25°13.457'E,,,,,
A04584,PUMP WATER,N/A,,,PUMP WATER,CEMO PUMPS,YES,,,BOSCHOF,GAME CAMP,,,,,,,GOOD,,,,,,,,,,,,,,,,28°33.198'S,25°13.369'E,,,,,
A04585,MOTOR,10540,,,MOTOR,FENNER,YES,,,BOSCHOF,GAME CAMP,,,,,,,GOOD,,,,,,,,,,,,,,,,28°33.198'S,25°13.369'E,,,,,
A04586,WATER PUMP ENCLOSER,N/A,,,WATER PUMP ENCLOSER,ZINC,YES,,,BOSCHOF,GAME CAMP,,,,,,,GOOD,,,,,,,,,,,,,,,,28°33.200'S,25°13.367'E,,,,,
A05452,FENCING,N/A,,,FENCING,PRECAST,YES,,,BOSHOF,SERETSE,STADIUM,N/A,N/A,N/A,TOKOLOGO LOCAL MUNICIPALITY,N/A,BROKEN,,N/A,N/A,,N/A,N/A,N/A,1.00,N/A,N/A,N/A,560X1.9M,N/A,N/A,N/A,28°33.346'S,25°15.286'E,N/A,,,,
,NETBALL COURT,N/A,,,NETBALL COURT,N/A,YES,,,BOSHOF,SERETSE,STADIUM,N/A,N/A,N/A,TOKOLOGO LOCAL MUNICIPALITY,N/A,GOOD,,N/A,N/A,,N/A,N/A,N/A,1.00,N/A,N/A,N/A,N/A,N/A,N/A,N/A,28°33.411'S,25°15.251'E,N/A,,,,
,SOCCER FIELD,N/A,,,SOCCER FIELD,N/A,YES,,,BOSHOF,SERETSE,STADIUM,N/A,N/A,N/A,TOKOLOGO LOCAL MUNICIPALITY,N/A,GOOD,,N/A,N/A,,N/A,N/A,N/A,1.00,N/A,N/A,N/A,N/A,N/A,N/A,N/A,28°33.405'S,25°15.274'E,N/A,,,,
N/A,NETBALL COURT,N/A,,,NETBALL COURT,CONCRETE,NO,,,HERTZOGVILLE,STADIUM,N/A,N/A,N/A,N/A,TOKOLOGO LOCAL MUNICIPALITY,N/A,POOR,,N/A,N/A,,N/A,N/A,N/A,1.00,N/A,N/A,N/A,32.9X17M,N/A,N/A,N/A,28°08.063'S,25°30.178'E,N/A,,,,
N/A,NETBALL COURT,N/A,,,NETBALL COURT,CONCRETE,NO,,,HERTZOGVILLE,STADIUM,N/A,N/A,N/A,N/A,TOKOLOGO LOCAL MUNICIPALITY,N/A,POOR,,N/A,N/A,,N/A,N/A,N/A,1.00,N/A,N/A,N/A,32.9X17M,N/A,N/A,N/A,28°08.053'S,25°30.164'E,N/A,,,,
A06296,FENCING,N/A,,,FENCING,PRECAST,YES,,,MALEBOGO,STADIUM,N/A,N/A,N/A,N/A,TOKOLOGO LOCAL MUNICIPALITY,N/A,POOR,,N/A,N/A,,N/A,N/A,N/A,1.00,N/A,N/A,N/A,800X2M,N/A,N/A,N/A,N/A,N/A,N/A,,,,
N/A,BASKETBALL COURT,N/A,,,BASKETBALL COURT,TAR,YES,,,HERTZOGVILLE,TSWARAGANANG,STADIUM,N/A,N/A,N/A,TOKOLOGO LOCAL MUNICIPALITY,N/A,FAIR,,N/A,N/A,,N/A,N/A,N/A,1.00,N/A,N/A,N/A,28.8X14.1M,N/A,N/A,N/A,28°39.287'S,25°46.601'E,N/A,,,,
N/A,TENNIS COURT,N/A,,,TENNIS COURT,TAR,YES,,,HERTZOGVILLE,TSWARAGANANG,STADIUM,N/A,N/A,N/A,TOKOLOGO LOCAL MUNICIPALITY,N/A,POOR,,N/A,N/A,,N/A,N/A,N/A,1.00,N/A,N/A,N/A,30.7X15.3M,N/A,N/A,N/A,28°39.293'S,25°46.588'E,N/A,,,,
N/A,TENNIS COURT,N/A,,,TENNIS COURT,CONCRETE,NO,,,BOSHOF,TENNIS CLUB,N/A,N/A,N/A,N/A,TOKOLOGO LOCAL MUNICIPALITY,N/A,POOR,,N/A,N/A,,N/A,N/A,N/A,1.00,N/A,N/A,N/A,36.1X20M,N/A,N/A,N/A,28°32.525'S,25°14.221'E,N/A,,,,
N/A,TENNIS COURT,N/A,,,TENNIS COURT,CONCRETE,NO,,,BOSHOF,TENNIS CLUB,N/A,N/A,N/A,N/A,TOKOLOGO LOCAL MUNICIPALITY,N/A,POOR,,N/A,N/A,,N/A,N/A,N/A,1.00,N/A,N/A,N/A,36.1X20M,N/A,N/A,N/A,28°32.524'S,25°14.231'E,N/A,,,,
,TENNIS COURT,N/A,,,TENNIS COURT,CONCRETE,NO,,,BOSHOF,TENNIS CLUB,N/A,N/A,N/A,N/A,TOKOLOGO LOCAL MUNICIPALITY,N/A,POOR,,N/A,N/A,,N/A,N/A,N/A,1.00,N/A,N/A,N/A,36.1X20M,N/A,N/A,N/A,28°32.540'S,25°14.224'E,N/A,,,,
N/A,TENNIS COURT,N/A,,,TENNIS COURT,CONCRETE,NO,,,BOSHOF,TENNIS CLUB,N/A,N/A,N/A,N/A,TOKOLOGO LOCAL MUNICIPALITY,N/A,POOR,,N/A,N/A,,N/A,N/A,N/A,1.00,N/A,N/A,N/A,36.1X20M,N/A,N/A,N/A,28°32.541'S,25°14.233'E,N/A,,,,
A06221,FENCING,N/A,,,FENCING,WIRE,YES,,,BOSHOF,TENNIS CLUB,N/A,N/A,N/A,N/A,TOKOLOGO LOCAL MUNICIPALITY,N/A,GOOD,,N/A,N/A,,N/A,N/A,N/A,1.00,N/A,N/A,N/A,220.1X3.5M,N/A,N/A,N/A,N/A,N/A,N/A,,,,
A06233,DISTRIBUTION BOX,N/A,,,DISTRIBUTION BOX,STEEL COVER,NO,,,BOSHOF,CARAVAN PARK,N/A,N/A,N/A,N/A,TOKOLOGO LOCAL MUNICIPALITY,N/A,GOOD,,N/A,N/A,,N/A,N/A,N/A,1.00,N/A,N/A,N/A,N/A,N/A,N/A,N/A,28°32.606'S,25°14.210'E,N/A,,,,
A06234,DISTRIBUTION BOX,N/A,,,DISTRIBUTION BOX,STEEL COVER,NO,,,BOSHOF,CARAVAN PARK,N/A,N/A,N/A,N/A,TOKOLOGO LOCAL MUNICIPALITY,N/A,GOOD,,N/A,N/A,,N/A,N/A,N/A,1.00,N/A,N/A,N/A,N/A,N/A,N/A,N/A,28°32.592'S,25°14.202'E,N/A,,,,
A06240,METER BOX,N/A,,,METER BOX,N/A,NO,,,BOSHOF,CARAVAN PARK,N/A,N/A,N/A,N/A,TOKOLOGO LOCAL MUNICIPALITY,N/A,POOR,,N/A,N/A,,N/A,N/A,N/A,1.00,N/A,N/A,N/A,N/A,N/A,N/A,N/A,28°32.654'S,25°14.230'E,N/A,,,,
A06241,FENCING,N/A,,,FENCING,RAZOR WIRE,YES,,,BOSHOF,CARAVAN PARK,N/A,N/A,N/A,N/A,TOKOLOGO LOCAL MUNICIPALITY,N/A,GOOD,,N/A,N/A,,N/A,N/A,N/A,1.00,N/A,N/A,N/A,800X1.8M,N/A,N/A,N/A,N/A,N/A,N/A,,,,
A06242,GATE,N/A,,,GATE,PALISADE,YES,,,BOSHOF,CARAVAN PARK,N/A,N/A,N/A,N/A,TOKOLOGO LOCAL MUNICIPALITY,N/A,GOOD,,N/A,N/A,,N/A,N/A,N/A,1.00,N/A,N/A,N/A,6X1.8M,N/A,N/A,N/A,N/A,N/A,N/A,,,,
A06401,ENCLOSER,N/A,,,ENCLOSER,ZINC,YES,,,BOSHOF,SHOOTING RANGE,N/A,N/A,N/A,N/A,TECHNICAL,N/A,GOOD,MR. W MOREMI,N/A,N/A,,N/A,N/A,N/A,1.00,N/A,N/A,N/A,N/A,N/A,N/A,N/A,28°33.085'S,25°14.317'E,,,,,
A05917,METER VALVE,N/A,,,METER VALVE,ASM PM101201312,YES,,,BOSHOF,BOWLING CLUB,N/A,N/A,N/A,N/A,TECHNICAL,N/A,GOOD,MR. W MOREMI,N/A,N/A,,N/A,N/A,N/A,1.00,N/A,N/A,N/A,N/A,N/A,N/A,N/A,28°32.641'S,25°13.710'E,N/A,,,,
A05915,METER BOX,N/A,,,METER BOX,STEEL,YES,,,BOSHOF,BOWLING CLUB,N/A,N/A,N/A,N/A,TECHNICAL,N/A,GOOD,MR. W MOREMI,N/A,N/A,,N/A,N/A,N/A,1.00,N/A,N/A,N/A,N/A,N/A,N/A,N/A,28°32.641'S,25°13.710'E,N/A,,,,
,RESERVOIR,N/A,,,RESERVOIR,CONCRETE 500 000L,YES,,,BOSHOF,BOWLING CLUB,N/A,N/A,N/A,N/A,TECHNICAL,N/A,GOOD,MR. W MOREMI,N/A,N/A,,N/A,N/A,N/A,1.00,N/A,N/A,N/A,N/A,N/A,N/A,N/A,28°32.650'S,25°13.675'E,N/A,,,,
,RESERVOIR,N/A,,,RESERVOIR,CONCRETE 500 000L,YES,,,BOSHOF,BOWLING CLUB,N/A,N/A,N/A,N/A,TECHNICAL,N/A,GOOD,MR. W MOREMI,N/A,N/A,,N/A,N/A,N/A,1.00,N/A,N/A,N/A,N/A,N/A,N/A,N/A,28°32.656'S,25°13.671'E,N/A,,,,
A05926,BOREHOLE,N/A,,,BOREHOLE,N/A,YES,,,BOSHOF,BOWLING CLUB,N/A,N/A,N/A,N/A,TECHNICAL,N/A,GOOD,MR. W MOREMI,N/A,N/A,,N/A,N/A,N/A,1.00,N/A,N/A,N/A,N/A,N/A,N/A,N/A,28°32.655'S,25°13.674'E,N/A,,,,
A05928,MOTOR,N/A,,,MOTOR,N/A,NO,,,BOSHOF,BOWLING CLUB,N/A,N/A,N/A,N/A,TECHNICAL,N/A,BROKEN,MR. W MOREMI,N/A,N/A,,N/A,N/A,N/A,1.00,N/A,N/A,N/A,N/A,N/A,N/A,N/A,28°32.655'S,25°13.674'E,N/A,,,,
A05929,MOTOR,N/A,,,MOTOR,N/A,NO,,,BOSHOF,BOWLING CLUB,N/A,N/A,N/A,N/A,TECHNICAL,N/A,BROKEN,MR. W MOREMI,N/A,N/A,,N/A,N/A,N/A,1.00,N/A,N/A,N/A,N/A,N/A,N/A,N/A,28°32.655'S,25°13.674'E,N/A,,,,
A05930,METER VALVE,N/A,,,METER VALVE,GLENFIELD,NO,,,BOSHOF,BOWLING CLUB,N/A,N/A,N/A,N/A,TECHNICAL,N/A,BROKEN,MR. W MOREMI,N/A,N/A,,N/A,N/A,N/A,1.00,N/A,N/A,N/A,N/A,N/A,N/A,N/A,28°32.655'S,25°13.674'E,N/A,,,,
A05931,METER VALVE,N/A,,,METER VALVE,GLENFIELD,NO,,,BOSHOF,BOWLING CLUB,N/A,N/A,N/A,N/A,TECHNICAL,N/A,BROKEN,MR. W MOREMI,N/A,N/A,,N/A,N/A,N/A,1.00,N/A,N/A,N/A,N/A,N/A,N/A,N/A,28°32.655'S,25°13.674'E,N/A,,,,
A05938,WATER TANK,N/A,,,WATER TANK,STEEL,YES,,,BOSHOF,BOWLING CLUB,N/A,N/A,N/A,N/A,TECHNICAL,N/A,GOOD,MR. W MOREMI,N/A,N/A,,N/A,N/A,N/A,1.00,N/A,N/A,N/A,N/A,N/A,N/A,N/A,28°32.897'S,25°13.897'E,,,,,
A05987,MOTOR,N/A,,,MOTOR,BMM 5.5KW,YES,,,BOSHOF,SHOW GROUNDS,N/A,N/A,N/A,N/A,TECHNICAL,N/A,GOOD,MR. W MOREMI,N/A,N/A,,N/A,N/A,N/A,1.00,N/A,N/A,N/A,N/A,N/A,N/A,N/A,28°32.813'S,25°14.576'E,N/A,,,,
A05643,FENCING,N/A,,,FENCING,PRECAST,YES,,,BOSHOF,KAREEHOF,STADIUM,N/A,N/A,2012/06/30,TOKOLOGO LOCAL MUNICIPALITY,N/A,BROKEN,N/A,N/A,N/A,N/A,N/A,N/A,N/A,1.00,N/A,N/A,N/A,145.5X2X208X2M,N/A,N/A,N/A,28°32.703'S,25°14.984'E,N/A,,,,
,SOCCER FIELD,N/A,,,SOCCER FIELD,N/A,YES,,,BOSHOF,KAREEHOF,STADIUM,N/A,N/A,2012/06/30,TOKOLOGO LOCAL MUNICIPALITY,N/A,FAIR,N/A,N/A,N/A,N/A,N/A,N/A,N/A,1.00,N/A,N/A,N/A,N/A,N/A,N/A,N/A,28°32.756'S,25°14.977'E,N/A,,,,
A08030,LAPTOP,LXTK90212784417882000,OTHER ASSETS,COMPUTER EQUIPMENT,LAPTOP,ACER,NO,MUNICIPAL MANAGER,N/A,BOSHOF,MUNICIPAL BUILDING,MMD [PA],N/A,R05720,2012/06/30,MMD [PA],N/A,BROKEN,N/A,N/A,N/A,2012/06/30,N/A,N/A,N/A,1.00,N/A,N/A,N/A,N/A,N/A,N/A,N/A,N/A,N/A,N/A,N/A,N/A,N/A,VOORTREKKER STREET
p,CHAIR STACKABLE,N/A,OTHER ASSETS,FURNITURE & FITTNGS,CHAIR STACKABLE,PLASTIC BLACK,YES,COMMUNITY SERVICES,N/A,DEALESVILLE,TSWARAGANANG,COMMUNITY HALL (A05705),A05706,A05707,2012/06/30,TOKOLOGO LOCAL MUNICIPALITY,N/A,POOR,TOKOLOGO LOCAL MUNICIPALITY,N/A,N/A,2012/06/30,N/A,N/A,N/A,1.00,N/A,N/A,N/A,N/A,N/A,N/A,N/A,N/A,N/A,N/A,N/A,N/A,N/A,POTLAKI STREET
A03834,TABLE STEEL FOLDING,N/A,OTHER ASSETS,FURNITURE & FITTNGS,TABLE STEEL FOLDING,STEEL,YES,COMMUNITY SERVICES,N/A,HERTZOGVILLE,MALEBOGO,COMMUNITY HALL (A06536),A06537,A06538,2012/06/30,TOKOLOGO LOCAL MUNICIPALITY,N/A,POOR,MS. G LESEANE,N/A,N/A,2012/06/30,N/A,N/A,N/A,1.00,N/A,N/A,N/A,N/A,N/A,N/A,N/A,N/A,N/A,N/A,N/A,N/A,N/A,MALEBOGO STREET
